"snp1","snp2","snp3","snp4","snp5","snp6","snp7","snp8","snp9","snp10","snp11","snp12","snp13","snp14","snp15","snp16","snp17","snp18","snp19","snp20","phenotype1","phenotype2"
0,1,0,1,0,0,1,1,0,0,0,1,1,1,0,0,1,0,0,1,0.403043260402695,1.68286789120049
1,0,1,2,1,0,0,0,1,0,0,1,1,0,0,0,0,0,0,0,4.01228453689557,1.49200438122256
0,1,0,2,1,0,1,0,1,0,1,0,1,0,0,0,1,0,0,0,0.176378534635205,0.0494324475641568
0,2,0,0,0,0,1,0,0,0,0,0,1,0,0,1,1,0,2,0,-0.408134551341742,-1.19782091550856
0,0,0,0,0,1,0,0,1,0,0,1,0,0,0,0,0,1,1,2,0.161505035425361,-0.305614216056035
0,0,1,1,1,0,1,0,1,0,2,0,0,0,0,1,0,1,1,1,0.47620316076643,0.144144138557002
0,0,0,1,1,0,1,1,1,0,1,2,2,0,0,1,1,1,0,1,1.31480008754365,2.37373581549492
1,0,0,1,0,1,1,0,0,0,0,0,1,0,0,0,2,0,0,1,1.74702709747909,2.56299290338054
0,2,0,1,1,2,1,0,0,0,0,1,0,0,0,1,0,1,0,0,0.229096496306586,0.561901469905955
0,1,1,1,0,0,1,1,1,0,0,0,2,0,0,0,0,0,1,1,-0.0201930456209928,0.627874305593014
0,0,0,0,0,1,1,0,0,1,1,0,2,0,0,0,0,0,0,0,-0.00172994519225861,-1.1842726963525
0,0,0,0,2,0,1,0,0,0,1,1,1,0,0,1,1,0,1,0,0.0500807572063811,0.929432392391326
1,0,0,0,0,0,0,0,0,1,0,1,1,0,2,0,0,0,1,0,2.00007362613713,1.10144536697897
1,0,0,1,1,0,1,0,0,0,0,1,0,0,0,0,0,0,1,1,-0.460946937277889,1.77958861683956
1,1,1,1,0,1,1,2,0,0,0,0,0,0,0,1,0,1,0,1,0.842173184823683,0.792873407357135
1,0,0,1,0,0,1,0,0,0,0,0,0,0,0,0,1,0,1,0,-0.288004750075607,0.663374369424146
0,1,0,0,0,0,1,0,0,1,0,0,1,0,1,1,0,0,0,0,0.459607200731159,1.78406310769283
0,1,1,1,0,1,0,0,0,1,0,1,1,0,0,0,0,1,1,1,0.52112830947201,-0.0271099940968723
0,0,0,0,1,0,1,0,0,0,0,1,1,0,0,0,0,0,1,1,0.964665429230932,2.5699500691272
0,2,0,0,1,1,2,0,1,0,0,0,1,0,0,0,0,0,0,0,0.299132810975371,-0.196825682652749
0,1,0,1,2,0,1,0,1,0,0,0,1,0,0,0,0,1,0,0,0.605574583332591,-0.128886089618887
1,0,0,0,1,0,1,0,0,0,0,1,1,0,1,0,1,0,1,0,1.23230421395902,0.748679465940531
0,0,0,0,1,0,1,0,0,0,0,0,1,0,0,1,0,0,1,0,-0.195971285469004,1.00511285867925
0,1,0,0,2,0,2,0,1,0,0,0,2,0,0,0,2,0,0,0,1.36315564611262,1.01343863863884
1,1,1,1,1,0,0,0,1,0,0,1,1,0,1,0,1,0,1,0,-0.425985047895273,-0.264504961369716
0,0,0,0,0,1,1,0,0,1,0,1,1,0,0,1,1,0,0,2,0.640967033042578,-0.319555804561774
0,1,0,1,0,1,0,0,0,0,0,1,0,0,1,0,1,0,0,1,0.905551521832223,0.475950044962229
1,1,2,0,2,0,1,0,0,0,0,0,1,0,0,0,1,0,0,1,2.78922561868412,-0.0191914901761768
0,0,2,2,1,0,2,0,0,1,1,1,0,0,1,1,0,1,0,0,1.88508731412202,1.99297307515204
0,0,1,0,1,0,1,1,0,0,1,0,1,1,0,0,1,0,0,0,0.452304345422936,-0.399436018598649
0,2,0,1,2,0,1,0,0,1,0,1,1,0,0,0,0,0,1,2,1.02288170616137,1.01524299037774
1,1,1,0,0,0,0,0,0,0,0,0,1,0,0,1,1,0,1,1,-0.984229788170161,-1.41619708983513
0,1,0,0,0,1,1,0,0,0,1,1,0,0,0,0,1,0,0,0,-0.18774926036971,1.23739285282692
2,0,0,0,1,0,1,0,0,1,0,0,1,0,0,0,0,0,0,0,-0.265045742609358,0.886747413017003
1,1,1,0,1,0,0,0,0,0,0,0,1,1,0,0,0,0,0,1,2.07673318969366,1.92421654361097
0,0,0,0,0,1,1,0,0,1,0,1,0,0,0,0,0,0,0,0,0.389643535062476,0.11137347908057
0,0,1,0,0,0,1,0,0,0,0,0,0,0,0,0,1,0,0,1,1.65748493709752,2.16718422301173
1,0,1,1,1,0,0,0,0,0,0,1,0,0,0,1,0,0,0,1,-0.84143319052315,-1.87842659446844
1,0,0,1,0,0,0,0,0,0,1,0,1,0,0,0,2,0,0,1,1.15859316567639,0.70289631561091
0,1,1,0,0,1,0,0,0,0,1,0,1,1,0,0,0,0,1,1,-0.339910161760448,0.09914173063227
1,0,0,1,0,1,1,0,0,0,0,2,2,0,0,1,1,1,0,0,1.15822872389303,1.9886174863978
0,0,0,1,2,0,0,0,0,0,2,2,0,0,1,1,0,1,0,0,-0.523429787239145,-0.0659287437933225
1,1,0,0,1,0,2,1,0,0,0,2,1,1,0,1,0,0,0,1,0.775297566975025,0.244582623461932
1,1,1,0,1,1,1,0,1,1,0,1,1,0,0,1,0,0,0,0,-0.48313083041777,-0.0132807633456904
2,1,0,0,0,1,0,0,0,1,0,0,1,0,0,2,0,0,0,0,0.017558885605806,1.1310428152041
0,1,0,1,1,1,2,1,1,0,0,0,1,1,0,2,0,0,0,1,-0.95405308481674,-0.755269994474402
1,0,1,1,1,0,0,1,0,1,0,0,2,0,1,0,1,0,0,1,0.751232560041932,0.339637356564333
0,1,1,1,1,0,1,0,1,1,0,1,0,1,1,1,0,1,1,0,0.808976619656971,0.581973500751136
1,1,1,0,0,0,1,0,0,0,0,1,0,0,0,1,1,0,0,0,-0.682024026119214,-1.21133437631109
1,0,0,1,0,0,1,0,0,0,0,1,0,0,1,0,1,0,0,1,1.96152345954908,1.91759716586257
1,0,0,1,1,0,2,0,1,0,0,0,0,0,0,0,0,0,0,0,2.48036194399632,1.97322928502978
0,1,1,2,1,0,0,0,1,0,0,1,1,0,0,1,0,0,0,0,-0.427979863826263,0.170248386826538
0,1,0,0,0,1,1,0,0,0,0,1,1,0,1,0,0,1,0,0,-0.305965306793917,0.240858195111898
2,0,0,1,0,1,0,0,0,0,1,0,0,0,0,0,1,0,1,2,-0.423604462971619,-0.970110613209983
0,1,1,0,0,0,1,0,0,1,1,0,1,1,0,0,1,0,0,0,0.801014891691499,1.22446987399004
0,0,0,0,0,1,2,0,0,0,0,0,1,0,1,0,1,0,0,0,1.3014344365567,1.74927954920345
1,0,1,1,2,0,0,0,0,0,0,2,2,0,0,1,0,0,0,0,-0.673370312068277,1.45615395025464
1,0,1,0,0,0,2,0,0,0,1,2,0,0,0,0,1,0,0,0,0.211944840537207,0.111181769070303
2,1,1,0,0,0,0,0,0,0,0,0,1,0,2,1,0,0,1,1,0.348406779135782,1.48922966511514
0,0,0,1,1,0,0,0,0,0,0,1,0,1,0,1,1,0,0,0,0.689829734177583,1.44163388377383
2,2,0,1,0,0,1,0,0,0,1,1,1,2,1,0,0,1,1,0,0.091096698410814,1.38480064423174
0,0,1,1,1,0,2,0,1,0,0,0,2,0,0,2,1,0,0,0,0.00989644468820294,-0.937110698873313
1,0,0,0,1,0,0,0,0,0,1,1,1,0,0,1,1,0,0,0,1.01098545226945,0.489718849013306
0,1,1,1,0,0,1,0,0,1,0,0,1,0,1,0,0,0,0,0,0.957047576453289,1.02330097003262
0,1,0,1,0,0,0,0,0,0,0,0,2,0,0,0,0,1,1,0,1.65067908172501,2.14533252462494
1,1,1,1,0,0,0,0,0,0,0,0,0,1,0,1,1,0,0,0,2.53836234739242,-0.786347381382375
2,0,1,0,0,0,1,0,0,0,1,0,1,0,0,0,1,0,0,2,-0.2040949064006,1.34888958007592
1,0,0,2,1,0,1,1,1,0,0,1,0,0,0,0,1,1,1,0,1.55722390806742,1.50577899509739
1,1,1,1,1,0,0,0,0,1,0,1,2,0,0,1,0,0,0,0,2.01525099774933,0.67362598255602
2,1,1,0,2,1,1,0,0,0,0,0,1,0,0,1,1,0,0,1,0.728900050252519,1.94997782357429
0,1,0,2,0,1,1,0,1,0,0,0,0,0,0,0,0,0,2,1,0.322096069827303,1.10688728436172
1,0,1,0,1,1,0,1,0,0,0,1,0,0,0,2,0,0,1,0,0.764667616144978,1.86410669691747
0,0,0,0,2,1,1,0,1,0,0,0,1,1,0,1,0,1,0,1,1.21410840848396,0.31023928568675
1,1,1,1,1,0,1,0,0,0,1,0,0,1,0,1,1,0,0,1,2.34220333969393,0.539823262921566
2,0,1,1,0,0,1,0,0,1,0,0,2,1,1,1,1,1,0,0,0.591004750202107,-1.21725698462501
0,1,1,0,1,0,0,0,0,0,1,0,1,0,0,1,1,0,0,0,0.126409876890654,1.72424980728058
2,0,1,0,1,0,1,0,0,1,1,0,2,0,0,1,0,0,1,0,1.47211426520392,0.606381854324003
0,0,0,1,0,0,1,0,0,1,0,0,0,0,0,1,0,0,1,0,-0.916712473325278,0.316163850270623
0,1,0,1,1,1,1,0,0,0,0,0,1,0,0,0,0,1,0,0,0.137090472311102,1.86095348703497
1,1,0,2,1,0,0,0,0,0,2,1,0,0,1,1,1,0,1,1,1.15609642581403,1.25126932915284
1,0,0,0,0,0,0,0,0,1,0,0,0,0,0,0,1,1,0,0,1.45137917392538,1.77069260956756
1,1,1,0,0,0,0,0,0,0,0,0,2,0,0,1,0,1,0,1,-0.678143832758018,-1.13784323371315
1,0,1,0,0,0,1,0,0,0,1,2,2,0,0,1,2,0,2,1,1.17910215416328,1.40264018690446
1,1,1,0,0,0,1,0,1,0,1,2,1,0,0,0,0,0,1,0,1.34990758894786,0.515173597603798
0,1,2,0,0,0,0,0,1,0,0,0,2,1,1,1,1,1,0,0,-1.55823461544985,0.184122842152602
0,1,0,0,2,1,1,0,0,0,0,1,1,1,0,2,0,0,0,0,0.108218855448832,0.318569012006485
0,0,1,0,0,0,0,0,0,1,1,0,1,1,1,1,1,1,0,0,0.440938460390333,0.559310231946104
1,0,0,0,0,0,0,0,0,0,1,0,1,0,0,0,1,0,0,0,2.22266713804172,1.17724678990698
0,0,0,0,1,0,1,0,1,0,0,2,0,1,1,1,0,1,1,1,2.12670488169845,1.97778327654101
0,0,1,0,1,0,1,0,1,1,1,1,0,0,1,0,2,1,1,0,1.04936438566607,0.375789688628081
0,0,0,2,2,0,0,0,0,1,2,0,1,0,0,0,0,1,0,2,1.62892649450589,-0.492320806519865
1,1,2,1,0,0,2,0,0,0,0,0,0,0,0,0,1,0,0,0,-0.818037890259398,-0.370539721058153
1,1,0,0,0,0,0,0,0,0,0,0,0,1,0,0,0,0,0,0,-0.721185298640781,-0.819609635671117
0,0,1,1,0,1,1,0,1,0,0,0,0,1,0,2,0,0,1,0,2.14562855064312,1.49485338694477
0,1,1,0,0,0,0,1,0,1,0,0,1,1,0,0,0,0,0,0,-0.0272088407010734,0.283721837913316
0,1,1,0,0,0,0,0,0,0,1,0,0,0,0,2,0,0,1,0,1.35822972005374,-0.712134064033187
0,0,2,0,1,0,1,0,0,0,0,1,1,0,0,1,0,0,2,0,1.4856289662588,1.9027641627388
0,1,1,1,2,1,0,0,0,0,0,0,1,0,0,0,0,0,1,1,0.313153271395273,-0.779196159410446
0,0,0,1,1,1,0,0,0,0,0,0,1,0,0,0,0,0,0,1,-0.117717008249453,1.30840149960926
0,2,0,1,1,1,2,0,0,0,1,1,0,0,0,1,1,0,1,1,1.34318434894707,-0.592340483304267
0,1,2,0,1,0,1,0,0,1,0,0,1,1,0,0,0,0,0,0,-0.308792533491774,-1.0669877374118
0,1,0,1,1,0,2,1,0,2,0,1,1,0,0,1,1,0,0,0,0.00896964235593239,1.05450476723195
0,2,1,1,1,0,0,0,1,1,0,0,0,0,0,1,0,1,1,0,1.05880181054893,-0.27098805785343
1,0,1,2,0,0,2,0,1,1,0,1,2,1,0,0,0,0,1,1,-0.817495006380749,0.248559402131021
0,0,0,1,1,2,0,0,0,0,0,0,1,0,0,0,0,1,0,1,-0.352873098614922,-1.04191328873362
0,0,0,1,1,0,1,0,1,0,0,0,2,0,1,0,0,0,0,0,-1.33010252259984,-1.51584931529391
1,0,0,2,2,0,1,0,0,1,0,0,0,0,0,0,0,0,1,0,2.38940641000487,2.67553235885116
0,0,1,0,0,1,0,0,0,1,0,1,0,0,1,2,1,0,0,0,2.4522917295143,1.88046046453551
0,2,0,0,0,0,1,0,0,0,0,0,0,0,0,0,0,0,1,0,0.356069849510675,1.97645416854226
0,0,0,0,1,0,1,1,1,0,0,2,1,1,0,2,0,0,0,0,0.00968110805505235,-0.425372095515763
1,1,1,0,1,0,0,0,0,0,1,1,1,0,0,0,2,1,0,0,0.620545180619042,0.973383197090969
2,2,2,1,1,0,2,0,0,0,2,1,1,0,0,1,2,0,0,1,0.755795063505554,2.26551068277076
1,0,1,1,0,1,1,0,0,0,0,0,1,0,0,0,1,0,0,1,-1.19334704739234,0.325784684406888
0,1,1,0,0,0,0,0,0,1,2,0,2,1,0,0,0,0,0,0,0.0218151826636189,0.0634295514412146
0,2,0,1,0,0,2,0,0,0,0,1,2,0,1,0,0,0,1,0,1.09983133259987,0.953214403586157
1,1,1,2,0,0,1,0,1,0,0,0,1,1,1,0,1,0,0,1,1.17064441491119,1.98786591326705
1,0,0,0,1,1,0,1,0,0,0,0,0,0,0,0,1,0,0,1,2.1634358962388,1.19959042444893
0,0,0,0,1,1,0,0,0,1,1,0,1,1,0,1,0,0,0,0,-0.0949661941234783,0.157128052484314
1,1,1,1,0,0,0,0,0,1,0,0,0,0,0,1,0,1,0,0,0.0741443457220817,1.12051121186399
2,0,0,1,2,1,1,1,1,0,0,0,1,0,0,0,0,0,1,0,1.15564110049031,0.582519267467331
0,0,2,0,1,0,0,1,0,0,2,0,0,0,0,1,0,0,0,0,-0.507853100255536,-0.0316170332307308
0,0,1,0,1,0,0,0,0,0,1,0,1,0,0,1,1,0,1,0,-0.197937948426741,0.1024969770961
1,0,1,1,0,1,0,0,0,0,1,1,0,0,1,0,1,0,0,1,2.0925574721836,1.94936296170331
0,1,0,0,0,0,0,0,0,0,1,1,2,0,0,0,1,0,0,1,0.0914796838170367,0.888423512080717
0,1,1,0,1,1,2,1,0,1,1,0,1,0,0,0,0,1,0,0,0.990717790771295,1.14426383333829
0,1,1,0,0,0,0,0,0,0,2,2,1,0,0,0,2,0,1,0,1.16677056997995,1.33264743131231
1,0,0,0,0,0,1,0,0,1,0,1,2,0,1,2,1,0,0,1,1.19810890610002,-0.917946986360547
1,1,0,1,0,0,2,0,0,0,1,1,0,0,0,2,1,0,1,1,0.765961168012225,1.33621914217662
1,0,1,1,0,0,1,0,0,0,0,0,0,1,0,0,1,1,0,2,2.10507198688147,1.51707603983906
1,0,0,0,1,0,0,0,0,0,0,0,0,0,1,1,0,0,0,0,1.1004031974334,-0.288204467035446
1,1,1,1,0,2,1,0,0,0,0,1,0,0,0,1,0,0,0,0,1.8698701127913,2.78739783950845
0,0,0,1,0,0,0,1,0,0,1,1,0,0,0,2,1,1,2,0,-1.43031847938645,1.56569884278038
1,0,1,1,0,2,1,0,0,0,1,2,1,0,0,1,0,0,0,1,1.31488287913539,-1.1418201989216
0,0,0,2,0,0,2,1,1,0,1,0,0,0,0,0,0,0,1,2,-1.55898859158361,-0.412087147651248
0,0,1,0,0,0,0,0,0,1,1,1,1,0,0,1,2,1,0,0,0.107041412159234,0.3426379764614
0,0,0,0,0,1,0,0,0,0,0,0,0,0,0,2,1,0,0,0,-0.0131445162962138,0.170127228124512
0,0,1,0,0,0,0,0,1,0,0,0,0,0,0,0,1,0,1,0,1.95756694731793,1.8457121940929
2,1,1,1,0,0,1,1,0,0,1,1,0,1,0,0,0,1,1,0,-0.109171381130556,0.546452786312346
1,1,0,1,0,1,2,1,0,0,1,0,0,0,0,0,0,0,0,0,0.313390217112577,-0.588029630156123
1,0,0,0,0,0,1,0,1,0,0,0,1,1,0,0,1,0,0,0,0.313963039280288,0.0055116326641213
0,0,1,0,1,0,0,0,0,0,0,0,2,0,0,2,0,0,0,0,0.630191298771445,-0.388685358525432
0,0,2,0,1,0,1,0,0,1,1,1,1,0,0,0,1,0,0,1,0.737501587294999,1.66114141035714
0,0,0,1,0,0,0,0,0,0,1,0,0,0,0,0,0,0,1,1,-0.799053878804917,-0.451851976780481
1,0,0,0,0,0,0,0,0,0,0,1,1,0,1,0,0,1,1,1,-0.456726771060758,0.622699877147074
2,0,2,0,0,0,1,0,0,0,1,0,0,0,0,1,0,0,1,1,1.27376043462114,-0.124776586948848
1,0,0,0,1,0,1,0,1,0,0,1,0,1,1,0,1,0,0,0,0.931842388083941,0.121761911534445
1,0,0,0,1,0,0,0,0,0,1,0,1,0,1,0,1,1,1,0,0.92372908001432,0.521038122043642
1,1,0,0,1,1,1,0,0,0,0,0,0,0,1,0,0,0,0,1,1.47058554595513,0.140746063491833
0,0,1,0,0,0,0,0,1,0,0,0,1,1,1,1,0,0,1,1,1.63517134354706,2.03675264442094
0,1,1,1,0,0,0,0,0,0,1,0,1,0,1,2,0,0,0,0,0.765714365930251,0.00187792934884168
1,1,2,1,1,0,2,0,0,0,0,0,2,0,0,0,0,0,1,0,0.787011647412287,1.48113995323209
0,0,0,1,2,0,0,0,0,0,0,1,1,0,0,0,1,0,2,0,1.41146533637344,-1.68719207976411
0,0,1,1,1,1,0,0,0,0,0,1,0,0,0,0,0,0,0,2,0.483648207752969,0.562855054549497
2,0,0,0,0,0,1,0,0,0,0,0,1,0,1,0,0,0,1,0,0.712023204810482,1.33327521974779
0,0,1,0,2,0,0,0,0,0,2,1,1,0,0,2,1,0,1,0,1.74386369785806,2.4939180905841
1,0,0,0,1,0,1,0,0,0,0,0,0,0,0,0,0,1,1,1,1.35689929298481,-1.10416565824297
1,1,0,0,0,0,1,1,1,1,1,2,2,0,0,1,0,0,1,0,1.30356979532845,0.74522258003653
1,1,0,2,1,0,1,0,1,0,0,1,1,2,0,0,0,0,0,0,1.60082170738862,0.521146393602139
1,1,0,1,1,1,2,0,0,0,0,1,1,0,0,0,0,0,0,0,-0.816008137602046,0.872930672979808
0,0,0,0,1,1,0,0,1,0,1,0,1,1,0,0,1,1,0,0,-0.536547106004828,0.365817576629256
2,1,2,0,0,0,0,0,0,1,1,1,0,0,0,1,0,0,0,1,1.67773491483183,1.62473100750555
0,1,0,0,1,0,1,0,0,0,0,1,0,0,1,1,0,0,0,0,1.83812931021515,0.998029770608256
1,1,0,0,0,0,0,1,0,0,1,1,0,0,0,0,0,0,0,1,1.21052184900321,0.253744968989472
1,2,1,0,1,1,0,0,0,1,1,1,1,0,0,1,1,0,1,0,1.09509636652773,0.65640676853331
1,0,1,1,1,1,2,0,0,0,0,0,0,0,0,0,1,0,0,1,1.28552484374115,1.0646818475879
2,1,0,0,0,1,1,0,0,0,0,0,2,0,0,1,1,0,1,0,0.971041595963746,0.857195297909185
0,1,1,0,0,1,1,0,0,0,0,1,1,0,1,0,1,0,1,1,0.322836498356514,0.177024983739639
1,1,0,1,1,0,1,0,1,0,1,0,1,0,0,2,1,0,0,1,0.958322851441728,0.69754727701816
1,0,1,0,1,0,0,0,0,0,0,0,1,1,0,0,0,2,0,0,-0.881162830371636,0.217301607989824
1,1,0,1,0,2,1,1,0,1,0,0,0,0,0,0,1,0,0,0,2.88782125066872,1.48544551474446
1,0,1,0,1,0,1,0,0,0,1,1,1,0,1,0,1,0,1,1,1.76789274758883,1.20733294115672
1,1,0,0,0,0,0,0,0,1,0,0,2,0,0,0,1,0,0,0,3.14948703055492,2.76697380301742
2,0,0,1,0,1,1,0,0,0,0,1,0,1,0,0,0,0,0,1,-1.26163797568722,-0.310539353918546
2,0,1,0,0,1,0,1,0,0,0,0,0,0,0,0,0,0,0,0,-0.670744744225816,0.0644907354608477
1,0,1,0,2,0,0,0,0,0,0,1,2,0,0,1,0,2,0,0,1.43824395120802,0.981552366370329
0,0,1,1,0,0,2,0,0,0,1,1,2,0,0,0,0,0,1,0,0.102388672029392,0.661914894053145
0,0,1,1,0,0,0,0,1,0,0,0,0,0,1,0,1,0,0,0,-0.898132956536431,0.66100901828873
1,1,1,1,1,0,0,0,0,1,1,0,1,0,1,0,0,0,2,1,-0.0649374696061246,1.67169418373889
2,0,0,1,1,1,1,0,0,0,0,1,0,0,0,1,1,1,1,1,1.49307338435574,0.528838209530198
0,0,1,1,0,1,0,0,0,1,1,1,1,0,0,0,0,0,0,0,-0.286499669060067,1.72284890437372
2,0,1,0,0,0,0,0,0,0,2,0,0,1,0,0,2,0,0,0,-0.513399911940369,-0.450359845916289
0,1,0,1,0,0,1,0,1,1,0,0,1,0,0,0,1,0,0,0,0.0995900022125342,-0.424833378807431
0,0,0,0,1,0,1,0,0,0,2,1,1,0,0,1,1,0,0,0,1.59705611122277,0.0573603644984524
0,0,1,1,2,0,1,0,1,0,0,0,1,0,1,0,1,0,0,0,1.30211163127649,1.3306222465236
0,1,0,0,1,0,0,0,1,0,0,0,1,1,0,1,0,1,1,1,-1.03531978906339,0.950790894425109
1,1,0,0,0,1,0,1,0,0,1,2,0,1,0,1,1,1,0,0,0.86051817848265,0.0283905765005779
0,0,0,1,1,1,2,0,1,0,1,0,0,1,0,1,0,0,0,0,0.432009564539569,1.94397697842171
1,1,1,1,1,0,0,1,0,0,0,0,1,0,1,1,0,0,0,2,1.28831678372843,0.933339615744616
0,0,1,1,1,0,0,1,0,0,2,2,0,1,0,0,0,1,0,0,-2.02730131242226,-1.42252988877136
0,1,2,1,1,0,1,0,0,0,1,1,1,0,1,1,0,1,0,0,0.433773630435411,0.0890395942891474
1,0,0,0,0,1,1,0,0,0,0,0,0,0,0,1,1,0,0,1,0.653328305517219,-1.27387221851434
0,0,0,0,2,0,0,0,0,0,1,0,1,0,0,0,1,1,0,0,0.982071989439039,-0.480557545803509
1,0,0,0,0,0,0,0,0,0,1,1,0,1,0,0,1,0,1,1,-0.125905511802566,-0.365210882393181
0,0,2,0,0,0,1,0,0,0,1,0,1,0,0,1,0,1,0,1,0.102145169620218,1.92982856064612
0,1,0,0,1,0,0,0,0,0,0,1,2,0,1,0,1,0,1,0,-0.356241004434319,-0.566683883210489
2,0,0,1,1,1,1,0,0,0,1,1,1,0,1,1,0,1,1,0,1.53861881225652,1.10194199528075
1,0,0,0,0,0,1,0,0,0,0,2,1,0,0,1,1,0,0,0,-0.311146982684232,0.561780215189313
0,0,1,1,1,0,1,0,0,0,0,0,2,0,0,1,0,0,0,0,1.94280677454455,0.456018258987532
0,0,1,1,1,0,0,0,1,0,1,1,0,1,0,1,0,0,1,0,2.51739899930424,1.77405338779764
1,1,0,1,0,0,1,0,0,0,0,1,0,0,0,1,0,0,1,0,-0.09614377165426,1.21590441047522
0,1,1,0,0,0,0,0,1,0,1,0,1,1,0,0,0,0,1,0,0.260727081169482,0.4057571682833
1,0,2,1,1,1,1,0,0,1,0,0,1,0,0,1,0,0,1,0,1.1948914330735,1.20515310117927
0,1,0,0,1,0,0,0,0,0,1,1,1,0,0,1,1,1,0,2,2.53567266515654,1.29325933992815
0,1,0,2,0,1,1,0,0,1,0,0,2,0,0,0,1,0,0,0,1.73812946258956,2.48327685881335
1,1,0,1,0,0,1,1,1,0,1,1,1,0,0,2,2,0,0,0,0.632098389925219,-0.805821407119064
0,0,0,2,0,0,1,0,0,0,1,0,1,0,0,1,1,0,1,1,-1.08944371630184,-0.775069599951906
1,1,0,0,0,1,1,0,0,0,0,0,0,1,0,1,1,0,0,0,0.209784820360682,1.01236308931084
1,0,2,0,0,1,2,0,0,0,0,0,1,1,0,0,1,1,0,0,-0.308590843048941,-1.64229044990591
0,0,0,0,1,0,1,1,0,0,0,0,0,1,0,0,1,0,0,0,0.0947572186107458,0.846532684715129
0,2,0,1,1,0,0,0,0,0,1,1,0,1,1,1,0,0,0,1,-0.272262942386056,-1.16396137401708
0,0,0,0,2,0,0,0,0,0,0,0,2,0,0,0,0,0,0,0,0.808271060648139,-0.179423966066178
0,1,2,1,2,0,1,0,1,0,1,0,1,0,2,0,0,0,0,0,0.238133150848858,-0.783079416613519
0,0,0,2,0,0,0,0,0,0,1,1,0,1,1,0,1,0,1,0,0.162375382829064,-1.19567053031523
0,0,0,1,0,0,1,0,0,0,0,1,1,0,0,0,1,0,0,0,-0.877688039572098,-0.828774522269414
0,0,1,0,0,0,1,0,1,0,1,0,1,0,0,0,1,0,1,0,0.430227954685302,-0.0472596379268745
0,1,0,0,0,0,0,0,1,0,1,1,1,0,0,0,2,0,0,0,1.64626237091056,0.690426951158145
0,2,1,1,1,0,1,1,0,0,1,1,0,0,0,2,0,1,0,0,-0.695132184331594,0.165165189507519
0,1,1,0,1,0,1,0,0,0,0,0,0,0,0,0,0,0,0,2,-1.20988164324967,-0.69768808532864
0,0,0,0,0,0,1,0,0,1,0,1,0,0,0,0,2,0,1,0,0.451298401425987,1.16603271528232
1,2,0,1,1,0,1,0,0,1,0,1,0,0,0,0,1,1,1,0,0.484634421490275,1.11466273290559
0,0,0,1,1,0,2,0,0,0,1,0,1,0,0,2,1,0,1,0,0.423154104894112,0.044590691250124
1,0,1,0,2,0,1,0,1,0,1,0,0,1,0,0,0,0,0,0,0.939415305825779,0.591268986204949
0,0,1,2,1,0,1,0,1,0,0,1,1,0,0,1,1,0,1,0,0.482096177767027,0.706867052492479
0,1,1,0,1,0,0,0,0,1,1,0,0,0,0,1,1,0,1,0,1.50251142488195,1.54370133255777
0,1,0,2,2,0,0,0,0,0,0,0,0,0,0,0,0,0,0,1,1.89769893551079,0.855409238649888
0,0,1,0,2,0,0,0,1,1,0,0,1,1,0,0,0,0,0,0,1.14739274574969,-0.0110813803448374
1,1,0,1,0,1,1,0,1,0,0,0,2,0,0,0,1,0,1,0,0.607870250307875,1.4198988525108
1,1,1,1,2,0,0,0,0,0,0,0,2,0,0,1,0,1,0,1,-1.00441660664302,0.610846377382193
1,0,0,1,0,0,1,0,0,0,0,1,0,2,0,0,1,0,0,0,-0.0199081385879384,-0.652078981928244
1,0,1,0,0,0,0,0,1,1,0,1,1,0,0,0,0,0,0,2,3.20176237412739,2.18208478206899
0,1,0,0,1,0,1,0,1,0,0,0,1,0,0,0,0,0,0,1,-0.340327310296975,0.34226537956472
0,0,0,0,1,1,0,0,1,0,0,0,2,1,0,0,1,0,0,2,1.7639202873153,2.36384905039719
1,0,0,0,1,0,1,0,0,1,0,0,0,0,0,1,0,0,0,1,0.835171428114569,1.23051653843542
0,0,1,0,0,0,0,0,0,0,1,0,0,0,0,1,0,0,0,0,1.2044185507551,1.36476182122963
0,1,0,1,0,0,2,0,0,0,0,0,1,0,0,1,0,0,0,0,0.668643086196683,0.106631317444019
1,1,2,0,1,0,2,0,1,0,0,0,0,0,0,0,1,0,1,1,-0.970876554629944,1.05313665063481
0,0,0,0,0,0,0,0,0,1,0,1,0,0,1,0,0,0,0,1,1.48671071639105,0.921822075209885
1,0,1,0,2,1,1,0,0,0,1,1,0,0,1,1,0,0,0,0,-0.0599074431472271,0.979477450006728
0,1,0,1,1,0,0,0,1,0,1,1,0,2,1,0,1,0,0,0,0.290735718539571,1.52641211725576
0,1,0,1,1,1,1,0,2,0,0,0,1,1,0,1,0,0,0,0,0.347337869043539,-0.514536914631796
0,0,1,1,1,1,1,0,1,1,0,0,1,0,0,2,0,0,1,0,-0.12890446588717,0.920104348263675
2,1,1,0,0,0,0,0,0,0,0,1,0,0,0,1,1,0,0,1,1.15739974186111,-0.432582379273921
0,1,0,1,1,0,0,0,0,0,1,0,1,2,0,0,0,0,1,0,-0.601855548922611,0.531783995882776
0,1,1,1,2,0,1,0,1,1,0,0,0,0,0,1,1,0,0,0,1.00516228600104,0.0231538398733308
0,0,0,0,1,0,1,0,1,0,1,2,1,0,0,0,1,0,1,1,-0.690218162194349,0.686542500354054
1,0,1,0,2,0,1,1,0,1,0,1,2,0,0,2,1,0,2,0,-0.909371594429391,0.524416881956966
1,0,1,1,0,0,2,1,1,0,1,1,0,0,0,0,0,0,0,0,1.28712874213738,1.06791192447766
0,0,1,0,1,0,0,0,0,0,0,0,0,0,1,1,0,0,0,2,1.51792596580095,1.62363328244017
0,0,1,0,1,0,2,0,0,1,1,1,0,0,1,2,1,0,0,1,0.411532265844274,1.65953104757143
0,1,0,1,0,0,0,1,0,0,0,2,1,0,0,0,0,1,0,1,-0.243178306277549,-0.245486525296192
1,2,0,1,0,0,2,0,0,0,1,0,1,1,0,1,1,0,1,1,0.722288475815921,0.307431671724333
0,0,1,0,0,0,0,0,0,0,0,1,0,0,0,0,0,0,1,1,-1.59992391035291,0.394427368211609
1,0,1,1,1,0,1,0,0,0,0,0,2,0,0,1,0,0,0,0,1.49655099549806,1.47525449608523
1,1,0,0,1,0,1,0,0,0,1,0,0,0,0,0,0,0,0,0,1.17364120592383,0.652735468948091
1,1,0,0,1,0,0,0,0,1,1,1,1,0,0,1,2,0,1,1,-0.653979587515303,-0.717934365053499
0,1,1,1,1,0,1,0,0,0,0,1,0,1,0,0,0,0,0,2,-0.427363307232948,0.380919675914565
1,0,0,0,0,0,0,0,1,0,1,2,0,0,1,0,1,0,0,0,0.869622145665016,0.85914388200388
0,0,0,0,0,0,2,0,1,0,1,1,1,0,0,0,1,0,1,0,0.271749013095943,0.250020806901321
0,1,2,1,1,0,0,0,0,0,0,0,2,1,1,0,1,0,1,0,-0.256548484942013,1.60195934431531
0,1,1,0,0,0,0,0,0,0,0,1,0,0,0,0,0,0,0,0,0.577961333712467,0.485116246651094
0,1,0,0,0,1,1,0,1,0,1,0,1,0,1,0,1,0,0,0,-0.284053783242351,-1.44310526982463
1,1,0,0,0,0,0,0,1,0,0,1,1,1,1,1,0,0,1,0,-0.0942716902933033,2.05689075649828
1,0,1,0,1,2,1,0,2,0,1,0,0,0,0,1,0,0,0,0,0.0985411347460227,2.12043497863278
1,0,1,0,0,0,0,0,0,0,2,0,1,1,0,1,0,0,0,0,1.3671689178214,0.889625657406596
0,0,1,1,1,0,1,0,0,0,0,1,2,1,0,1,1,0,1,0,0.153864727639035,0.770863203624752
1,0,1,0,0,1,0,0,0,0,0,0,0,1,1,0,0,0,0,0,0.505518483411267,1.65702232941846
0,0,0,0,0,0,1,0,0,1,1,1,2,0,0,1,0,1,1,0,0.570204675812752,0.908599357357365
1,0,0,0,0,0,1,0,1,1,0,0,1,1,1,0,1,0,0,1,2.28694670222418,1.77605839193272
1,0,2,0,1,1,0,0,1,1,1,0,2,0,0,0,1,1,1,1,-0.647743288669034,0.598641474146953
2,0,0,1,1,1,0,0,1,0,1,0,1,1,1,0,1,0,0,0,0.61625109608532,0.886825019613702
2,0,0,1,1,0,1,0,0,0,1,1,1,0,0,0,0,2,0,0,0.903565380382831,1.59539976534123
1,0,1,2,1,1,1,0,0,0,0,0,0,0,0,0,0,0,1,0,0.360158379678722,0.752700514123765
1,0,1,0,0,0,0,0,0,0,0,1,0,0,1,0,0,1,1,0,-0.723272149180759,0.0397195603867607
0,0,0,0,1,0,0,0,0,0,0,0,1,0,1,0,0,0,0,1,2.31951343432958,-0.104826760167245
1,0,0,0,1,1,0,0,1,0,0,2,0,0,0,1,0,0,1,0,0.814566181700154,0.654824488437138
0,0,0,0,0,0,0,0,0,0,0,0,1,0,1,0,1,1,0,2,0.735673124981276,0.948721095239377
0,0,0,0,0,1,1,0,0,0,1,1,1,0,0,1,0,0,0,0,-0.466736055845124,0.775336275443354
1,0,2,2,1,0,1,0,0,1,0,2,1,1,0,1,1,0,1,0,-0.58848166561624,0.617357255909029
1,1,1,2,0,0,1,0,0,1,1,0,0,2,0,1,0,0,1,2,-0.288052683122208,-2.30149384250636
1,0,0,1,0,0,1,0,1,0,1,1,1,0,0,0,0,1,1,2,0.435560479687807,1.88583626696471
0,1,1,0,1,0,0,0,1,0,0,0,0,0,0,0,1,0,1,1,-0.541812971462894,-1.3799475535887
0,1,1,0,0,1,0,0,0,0,1,1,1,0,0,1,1,0,0,1,-0.261523228888675,0.116779601222728
1,0,0,0,0,0,1,0,0,0,1,0,2,0,0,0,0,0,1,0,2.11420816169209,0.556297822642133
0,1,1,1,0,0,1,0,0,0,1,1,1,1,0,1,0,0,0,0,1.69185966580548,1.00871543989368
0,1,0,1,0,0,0,0,0,1,0,0,1,0,0,1,1,0,0,0,0.032860037460929,-1.01192586443483
2,0,0,1,2,0,1,1,0,1,1,0,0,1,0,0,0,0,0,1,-0.426367017552122,-0.891847478758121
0,1,1,0,1,0,1,0,0,0,0,0,2,0,1,1,0,0,0,0,0.0134079173794083,0.993074303229846
1,0,0,1,0,0,0,0,0,0,0,0,1,0,1,0,1,0,0,0,-0.548525357551093,-0.875121019427187
0,1,0,1,0,0,1,0,0,1,0,2,0,0,1,1,0,0,0,1,1.30489557344213,0.702103486610923
1,0,0,0,1,0,1,0,1,0,0,1,0,0,0,0,0,0,0,1,-0.475610308089361,0.899289774482232
0,0,1,0,1,1,0,0,2,0,0,0,2,0,0,0,0,1,0,0,-1.02578088617178,0.239127699949839
0,1,0,1,1,0,0,0,0,0,1,1,0,0,0,0,2,1,0,0,1.04352772268078,0.431414068757327
2,1,0,1,0,0,1,0,0,0,0,2,1,0,1,2,0,0,0,1,2.3276388568007,2.74649977170241
1,1,0,0,1,1,0,0,0,1,0,1,2,0,0,0,2,0,1,0,2.79015632613839,2.0598161417114
0,0,0,0,0,0,1,0,0,0,0,0,1,1,1,0,1,0,0,1,-1.21748601827353,1.67716057350513
1,1,1,1,0,0,1,0,0,1,0,0,1,0,0,0,2,1,0,1,1.43575411169163,2.04334322531051
0,1,0,1,0,1,1,1,0,0,0,0,1,0,0,0,0,1,1,0,0.996834295716266,1.2779843483306
0,0,0,1,0,0,0,0,0,0,0,0,1,1,0,0,0,1,1,0,0.936840033889716,0.698444331451187
2,0,0,1,1,0,1,0,1,0,1,0,0,0,0,1,1,0,0,0,0.953441889084512,1.71779271846506
1,1,1,0,0,0,0,0,1,1,1,1,1,0,1,0,0,0,0,2,1.35710549303769,0.570253527821484
0,1,0,0,2,0,0,0,1,0,0,0,2,1,0,1,2,1,1,0,2.2650922772879,1.42365617087442
1,1,1,2,0,1,1,0,0,0,0,1,1,0,0,0,0,0,1,0,1.33072454983705,-0.858016754851523
0,1,0,0,0,0,0,0,0,0,1,0,0,0,0,0,0,1,0,0,-0.027390615452893,-0.0911625299624495
1,1,0,0,0,1,1,0,1,0,0,1,0,0,0,0,1,0,0,1,0.0536604784377266,1.71011263265211
0,1,0,0,1,0,1,0,0,0,0,0,1,1,0,1,1,0,0,0,-1.47920212321957,0.220676814712317
1,0,1,1,0,1,0,0,0,0,1,0,0,0,0,2,1,0,1,1,0.922792454620859,0.529754244597977
1,0,0,0,0,0,2,0,0,1,1,1,1,2,1,1,0,1,0,0,-1.32802873663122,0.033224284898259
1,0,1,1,0,0,0,0,1,0,1,0,0,0,0,2,0,0,1,1,1.14158391087321,-0.0264299166848438
0,1,0,0,1,1,0,0,0,1,0,0,1,1,1,0,0,1,0,0,0.275090808820633,0.666570134729892
0,0,1,1,1,0,1,0,0,1,0,1,0,0,1,1,1,0,1,0,0.844405337355647,2.08167523981702
0,0,1,0,1,0,1,0,0,0,0,0,2,0,0,0,0,0,0,0,2.38230481366326,0.849021522662063
0,1,0,2,1,1,0,0,1,0,1,1,1,0,1,0,1,0,0,0,-1.08394530950895,0.875780622525209
1,0,0,1,1,0,1,0,0,0,1,1,0,1,1,0,0,0,0,0,0.0174411173761754,0.987264551950118
0,0,0,1,0,0,0,0,1,0,0,1,1,0,0,0,0,0,0,1,1.41630459301134,0.209331754874061
1,0,1,0,2,1,0,0,0,0,1,1,1,0,0,0,1,0,0,0,-0.690090623055337,-0.439407901422571
1,1,1,0,1,1,1,0,0,0,0,1,0,0,0,1,1,0,1,0,-1.77854189969029,0.406575214591091
0,0,1,0,1,1,0,0,0,0,1,0,0,0,0,0,1,0,0,1,0.566364348326506,0.685277552955826
1,1,0,0,1,0,0,0,0,0,0,0,1,0,0,1,1,0,0,0,-0.859486754257331,0.169251508135961
1,0,0,0,0,0,1,0,0,0,0,0,0,0,0,1,1,0,1,0,-0.263837384202146,0.528656866149544
0,0,0,0,0,0,0,1,0,0,0,0,1,0,0,1,1,0,0,0,1.41658177335318,0.228272884578148
0,0,2,1,1,0,0,0,1,1,2,1,1,0,1,2,2,1,0,0,2.48242711253323,2.01822638334911
1,1,0,1,1,1,0,0,0,1,1,2,0,0,0,1,0,0,0,0,0.126075614698509,1.53051552868992
2,0,1,0,0,0,2,0,0,0,1,1,0,0,0,2,0,0,0,0,0.813364748623488,-0.474449694515027
0,0,1,1,0,0,1,1,0,0,0,1,2,0,1,0,0,0,0,0,1.49845855474445,0.438961963694997
0,0,0,0,0,0,1,0,0,1,0,0,0,1,0,1,0,0,1,0,1.06800215511346,1.4119435292844
0,0,1,1,0,1,0,1,1,0,0,1,1,0,0,0,0,0,1,0,-0.26214623397998,-0.57721071846112
1,0,0,1,2,0,0,0,0,0,0,1,1,0,0,0,2,0,0,0,-0.716887512534374,-0.176954120402418
0,1,1,1,1,0,0,0,0,0,1,0,1,0,0,1,0,0,0,1,-0.854856425269282,-0.801651384439941
0,1,1,1,1,0,0,0,0,0,0,0,1,0,0,0,1,0,0,0,1.23719026477125,1.16053381685124
0,0,0,0,1,0,0,0,1,0,1,1,1,0,1,0,0,1,2,1,-0.320969259173617,-2.0007230935018
0,0,0,1,0,0,2,0,0,0,1,0,0,0,0,1,1,0,0,0,-0.541970311503148,0.460298345384733
0,0,0,1,1,0,0,0,0,1,0,0,1,0,0,1,2,0,2,0,1.43467313099452,0.377202391360976
1,1,1,0,1,0,2,0,0,0,0,0,0,0,0,2,0,0,0,0,0.732776184324568,-0.260839873486695
1,0,0,1,1,0,0,0,0,0,0,1,0,0,0,0,0,0,0,0,1.69178717266495,0.402419889843864
1,0,0,1,0,0,0,0,0,0,1,1,1,0,0,0,0,0,2,0,1.07171120529439,-0.821262096240889
0,1,1,0,1,0,0,0,0,0,1,0,1,2,0,0,1,0,1,0,-0.291765435630639,-0.67414481979143
0,0,0,0,0,1,1,1,0,2,1,0,0,0,0,0,0,0,0,0,0.0877734000262544,0.664989391876655
0,0,1,1,1,0,0,0,0,0,0,1,1,0,0,1,0,0,0,1,1.43443068541722,0.15573464071393
0,1,1,0,1,0,1,0,1,1,1,2,2,0,1,1,0,1,1,0,0.629137800117962,-0.276646331378654
0,0,1,0,0,0,0,0,0,0,1,0,1,0,0,0,0,0,1,1,1.13269549912491,1.43873731784543
2,1,0,1,1,0,0,0,1,1,0,0,0,1,1,0,0,0,0,0,0.00857194168266012,-0.374971661805644
1,1,0,1,1,0,1,1,1,0,0,1,2,0,0,0,0,1,0,1,0.978117087537826,2.1100811432728
0,1,0,0,1,0,1,0,0,0,0,1,1,0,1,0,0,0,1,0,2.35639366372513,1.38777614308346
2,0,0,1,0,1,0,0,1,0,0,2,1,1,1,0,1,1,1,0,0.530835492154566,-0.296430974508051
1,0,1,0,0,0,1,0,1,0,1,0,2,0,0,0,0,0,0,1,2.25782545744105,1.92465499482368
2,0,0,0,1,0,1,0,1,0,1,1,1,0,0,1,0,0,0,0,0.235933526753431,-1.10206828286921
0,1,1,0,2,1,0,1,0,0,1,1,1,0,0,0,0,0,0,2,-0.371898079444223,0.029426486341772
1,1,0,1,1,1,2,0,0,0,0,1,1,0,0,0,0,0,0,1,-0.294240610682815,2.63879881698819
0,0,1,1,1,0,1,0,0,0,1,0,1,0,1,1,1,0,0,0,0.667362195363601,0.567023097302754
1,0,1,1,0,2,0,0,0,0,0,0,2,1,0,0,0,0,0,1,-1.19361824750005,-0.169170856346936
0,0,0,1,0,0,2,0,0,0,1,1,1,0,0,0,1,0,1,0,0.804358149859349,-0.656542029420364
0,0,0,2,0,1,2,0,0,0,2,1,0,2,0,0,0,0,1,0,-0.317108869678633,-1.41395727078755
2,0,0,0,1,0,0,0,0,1,0,0,1,0,0,0,0,0,1,1,1.62965776752201,-0.00932743499774635
1,0,1,1,0,0,1,0,0,0,0,0,2,0,0,0,1,0,0,0,0.940357065327623,2.13848526241604
2,1,1,2,1,0,1,0,0,0,0,0,2,0,0,1,1,1,2,0,1.54463265050202,1.24499593302332
1,2,1,0,0,0,0,0,1,1,2,0,0,0,0,1,0,0,0,0,-0.589782703882538,0.0247994180976249
2,1,0,0,0,1,0,0,0,0,0,0,1,0,0,0,1,0,0,0,0.416717978765011,1.64221001400706
2,0,0,1,0,0,0,0,0,0,2,0,1,0,0,0,1,1,0,1,-0.417221168729787,-0.857631901867159
1,1,2,0,0,0,0,0,0,0,0,2,1,0,0,1,0,1,0,1,1.19242848468261,0.240056492350766
0,1,0,1,1,0,1,0,0,1,1,0,0,0,0,1,0,0,0,1,1.71831679334522,2.18585375033194
0,0,0,1,1,0,0,1,0,0,0,1,0,0,0,0,0,0,1,2,-1.25696679902341,-0.268754563893215
0,1,0,1,0,0,2,0,0,0,0,0,2,0,1,1,0,0,1,0,0.140151189934978,0.085996172879189
0,2,0,0,1,0,1,0,0,0,0,0,1,0,0,1,1,0,0,1,0.597366327237708,0.626659677758244
0,0,2,0,0,0,1,2,0,1,0,2,1,0,0,0,0,1,1,0,0.015474782989501,1.16615315534734
1,0,1,2,2,0,1,0,1,1,0,0,1,1,0,0,0,1,0,1,-0.322710993662593,0.508277842214508
0,0,0,0,1,0,1,0,1,0,0,1,1,0,0,0,1,0,0,0,-1.78081189332208,-0.442600528968124
2,1,0,1,1,0,0,0,0,0,0,1,1,0,0,0,1,0,1,0,-0.236439654528664,-0.551335822620686
0,1,0,1,1,0,1,0,0,0,1,0,0,0,0,0,1,0,2,0,1.25300306715046,1.71162484487464
1,0,0,0,0,0,0,0,0,1,0,1,0,0,1,0,0,0,1,1,-0.884425531454592,0.153272753180954
1,0,0,0,1,0,0,0,1,0,2,0,0,1,0,1,1,1,0,0,-2.52581061141245,-1.83532578563131
2,1,0,1,1,0,1,0,0,0,0,0,1,0,0,0,0,1,1,1,1.44172383896659,1.49758628579727
1,0,1,0,1,0,0,0,1,1,1,1,1,0,1,1,1,0,1,0,1.04979589170001,0.36008756358585
1,0,0,0,0,0,1,0,0,0,0,2,1,0,0,0,2,0,2,0,-0.0487385007282212,0.308404127731126
2,0,0,0,2,0,1,0,1,1,0,0,2,0,0,0,1,0,1,1,1.15277957561072,-0.878841117583442
1,0,0,0,0,0,0,0,0,0,0,1,0,0,1,2,1,0,0,1,-0.0339864852359268,0.448197721115816
0,1,0,0,1,0,1,0,0,0,0,1,1,0,0,0,1,1,0,1,0.756485011544648,-0.578826033363403
1,0,0,0,0,0,1,0,1,0,0,0,1,0,0,0,1,0,0,0,0.411584267654711,-2.03821695750715
0,0,1,1,0,0,0,0,1,0,0,1,1,1,0,1,0,0,1,0,0.0705409239780223,0.279250388317308
0,1,0,0,1,0,0,1,0,0,0,1,1,0,0,1,0,1,1,0,0.486677818234617,-0.140492343460494
1,0,1,1,0,0,0,0,0,0,0,1,1,0,1,1,0,0,0,0,0.922244516784967,0.148939362475538
1,0,0,0,2,1,2,0,1,1,1,1,2,0,0,1,0,1,0,0,3.5236390627029,2.16047045760322
1,0,1,2,0,1,1,0,1,1,0,1,0,0,1,0,1,0,1,0,-0.430276965763032,1.33818589895196
1,0,0,1,0,0,2,0,0,0,0,1,1,0,0,1,1,0,0,0,2.56894482411892,3.11843432389229
1,0,2,1,0,0,1,0,0,0,1,0,0,0,0,1,0,0,0,0,0.45464904775438,1.41917182368258
0,0,0,1,1,0,1,0,0,0,0,1,0,0,0,2,0,0,0,0,0.765566072708207,0.474942380665287
1,0,2,1,2,2,0,0,1,0,1,0,1,0,0,1,0,0,0,0,-0.3207089610556,-0.366340797001448
0,1,0,0,0,0,2,0,2,0,0,0,1,1,1,0,0,2,0,0,1.74824018647806,0.877350932097775
0,0,1,0,1,0,1,0,0,0,0,0,1,1,0,0,1,0,0,1,1.42766232962347,-0.454785065347563
1,0,2,1,2,0,0,0,0,1,0,0,0,0,0,0,0,0,0,1,0.782671224273278,0.709519115952665
0,1,0,1,1,1,0,0,1,0,0,1,2,0,0,1,0,0,0,0,-0.832113258840096,-0.369088027959442
0,1,0,0,0,0,0,0,1,0,1,0,2,0,1,0,2,0,1,1,0.942743434802778,1.18377440580901
0,0,1,0,0,0,0,0,0,0,0,1,1,0,0,0,2,0,1,0,-0.879819871556684,0.652736805787329
0,0,1,2,1,0,1,0,0,0,1,0,0,0,0,2,1,0,1,0,2.95208304537014,2.45090792814607
2,0,1,0,1,0,2,0,0,1,0,0,1,0,0,0,1,0,1,0,0.73182458395385,0.263796710796341
0,0,1,0,1,0,0,0,1,0,0,0,1,1,0,2,1,0,1,0,1.3946690506498,1.26069238900708
0,1,0,0,1,0,0,0,0,0,1,0,1,0,1,0,1,0,1,0,-0.826741296408411,-1.1221383484636
0,0,0,2,1,0,0,0,0,0,0,0,0,1,0,1,2,0,0,0,0.287551918707292,-0.91174422868053
0,0,1,0,0,0,0,0,0,0,1,0,2,0,0,1,1,0,1,1,0.460141073289629,0.835522523918343
0,0,0,1,2,1,0,0,1,0,0,1,0,1,0,0,1,1,0,1,1.33806498386527,1.54906604205908
0,0,0,1,0,0,0,0,0,0,1,0,1,1,0,1,1,0,0,0,1.18328434240774,1.39422799334518
